"101동 탑,10,17,21,33,75"
"116동샤인,4,10,29"
"112동 펭수,43, 47,57,64"
"112동 비비빅,11,15,75"
"115동 Zoy,27, 29, 67, 73, 76"
"104동 온유예림파,2.4.9.10.29"
"109동 회색티,39, 66, 71"
"102동 아자,10 26 29 31 66"
"115동 마린,10,67,68"
"117동 열린마음,10, 20, 29, 37, 71"
"105동 hdi,10, 14, 17, 21, 29"
"112동 우꾸꿍,55"
"116동 띵동,14,19,25"
"116동 GTXD고고씽,9,10"
"109동 코스모스,7,20,29"
"115동 blooming,24,29,30"
"117동 틈,10,29"
"106동 맛있는김밥,1.7.10.19"
"109동 새벽,10 20 53 65 70"
"112동 쁘니,10, 20, 30"
"105동 도도준이,33,38,7,14"
"107동 안녕해슈슈,10,20,29,38,57"
"109동 이백,33, 38"
"106동 소녀랑,10 29 47 66 70"
"108동 에스더,5,10,13"
"115동 최식빵,14,24,29,58,62"
"105동 슈슈,10.29"
"102동 농사꾼,2,69,70"
"102 84C 졸리,3,9,10,14,24"
"112동 골드문,2,4,11,40,75"
"106동 똘또파파,3"
"116동 두두,4,5,10,46,49"
"114동 제니,8,13,30,55"
"117동 바닐라,38, 75"
"112동 마야,31, 44, 52"
"117동 야르,10 43 73 75"
"113동 순정맘,5, 10, 19, 29, 70"
"103동 레오,10 66"
"116동 이번엔,10 30"
"117동 프렌즈,10 29 53 66"
"108동 푸들,11,46,57"
"111동 놀이터,4,20,29,30,33"
"112동 행복이,10,28"
"113동 뽐마,5,8,10,40"
"109동 찐찐,2,4,9,46"
"102동 헤이호,20, 29, 58"
"109동 똥이,10,55,76"
"108동 권사장,5,70"
"108동 하늘아빠,29"
"106동 딸바봉,10 11"
"110동 지음맘,10,20,57"
"107동 제풍이,1.41."
"115동 LakeOne,4,10,17,24,29"
"103동 리넬리,10,24,29"
"108동달려야지,1,10,28"
"117동 청경채,10 18 21 29 30"
"102동 콩,10.18.24.29.71"
"115동 오드리,10, 6"
"105동 만두,4,9,10,28,29"
"106동 핑크문,9, 24, 29, 45, 46"
"102동뱅글뱅글,2, 8, 10"
"102동뱅글뱅글,29, 35"
"101동 서린,3, 14, 20, 24, 29"
"107동젬스,71"
"109동 베스트,2,4,19,41,71"
"107동 스마일,4,14, 20, 27"
"101동 에이치,24,29"
"104동 까끌이2,10,33,38,58,75"
"115동 낙낙이,1,10,25,37,71"
"103동 수국,10,30,41"
"105동 배산임수,21,26,47,66"
"102동 곰,10 11"
"116동 옹아,71, 66, 61, 34, 30"
"111동 스탠리,4, 7, 10, 14, 24"
"108동 검단고양이,2,4,10"
"115동 사루비아,10,18,29"
"103동 바다새,1, 23, 41, 54, 58"
"101동 BK,5, 29, 48, 59, 66"
"117동 YUN,23,26,29,47,66"
"112동 시시또또,10,47"
"111동 동양동,21,29,31,34,66"
"115동 라디오디오,10,47"
"113동 주노,12, 30, 35, 42, 71"
"103동 망고파파,5,9,29,38,45"
"103동 찰떡이,5, 10"
"101동 워너,29, 75"
"104동 여유,19, 29, 66, 70"
"117동 구암리사시미,33,47,57,65,66"
"106동 라이프스타일,18,55,60,71,75"
"115동 달코밍,19, 22, 25"
"113동 최가네 영심이,23,35"
"115동 셍이,10"
"101동 싸나이,3,10,20,29,30"
"113동 멍지,10. 21. 46"
"114동 입이가려워,18,24,29"
"104동 범웅아빠,10,23"
"112동 도현아빠,10, 70"
"111동 은행나무,13, 24"
"109동 붕붕이,1, 5, 11, 20, 26"
"111동 콩이,9, 10, 17, 46, 75"
